total_sales,total_profit,total_orders,total_customers,avg_order_value,avg_sales_per_customer
12642905,1467457.2912800002,25035,4873,505.0091871380068,2594.4808126410835
